username,email,password,full_name,phone
michaelreddy861,michaelreddy861@email.com,password123,Michael Reddy,+19878464140
williamdavis701,williamdavis701@email.com,password123,William Davis,+16159682760
michaelmishra215,michaelmishra215@email.com,password123,Michael Mishra,+14494672100
williambrown872,williambrown872@email.com,password123,William Brown,+18480610580
priyajohnson344,priyajohnson344@email.com,password123,Priya Johnson,+15540884270
meeragarcia386,meeragarcia386@email.com,password123,Meera Garcia,+19809322870
divyasmith460,divyasmith460@email.com,password123,Divya Smith,+16795466810
priyapatel857,priyapatel857@email.com,password123,Priya Patel,+13770778080
arunmartinez476,arunmartinez476@email.com,password123,Arun Martinez,+16997703190
josephgupta958,josephgupta958@email.com,password123,Joseph Gupta,+17689199150
rahulreddy832,rahulreddy832@email.com,password123,Rahul Reddy,+13995029780
johnmishra647,johnmishra647@email.com,password123,John Mishra,+19323955400
davidmiller274,davidmiller274@email.com,password123,David Miller,+14718208130
sarahrodriguez346,sarahrodriguez346@email.com,password123,Sarah Rodriguez,+16194985480
maryreddy92,maryreddy92@email.com,password123,Mary Reddy,+19871108430
michaelpatel509,michaelpatel509@email.com,password123,Michael Patel,+15573194310
josephwilliams206,josephwilliams206@email.com,password123,Joseph Williams,+18058507040
patriciarao872,patriciarao872@email.com,password123,Patricia Rao,+12230270750
marygarcia566,marygarcia566@email.com,password123,Mary Garcia,+14006191130
patriciarao730,patriciarao730@email.com,password123,Patricia Rao,+18234154970
meerabrown270,meerabrown270@email.com,password123,Meera Brown,+19381942230
josephdavis462,josephdavis462@email.com,password123,Joseph Davis,+12894824910
vikramdavis725,vikramdavis725@email.com,password123,Vikram Davis,+17956144150
richardrao879,richardrao879@email.com,password123,Richard Rao,+15381750280
ananyakumar41,ananyakumar41@email.com,password123,Ananya Kumar,+13987431960
josephkumar65,josephkumar65@email.com,password123,Joseph Kumar,+12671578480
michaelrodriguez344,michaelrodriguez344@email.com,password123,Michael Rodriguez,+18222613760
barbaradavis472,barbaradavis472@email.com,password123,Barbara Davis,+12604723820
williammishra593,williammishra593@email.com,password123,William Mishra,+13725526100
jamesjones490,jamesjones490@email.com,password123,James Jones,+16658567420
sneharodriguez28,sneharodriguez28@email.com,password123,Sneha Rodriguez,+16857754940
daviddavis780,daviddavis780@email.com,password123,David Davis,+15474543690
jamesverma503,jamesverma503@email.com,password123,James Verma,+14619170780
meerajones99,meerajones99@email.com,password123,Meera Jones,+15921210030
lindawilliams961,lindawilliams961@email.com,password123,Linda Williams,+17709165780
johngupta462,johngupta462@email.com,password123,John Gupta,+16248316180
jamesjones218,jamesjones218@email.com,password123,James Jones,+12900533740
susanmiller795,susanmiller795@email.com,password123,Susan Miller,+12976367440
josephgupta858,josephgupta858@email.com,password123,Joseph Gupta,+13091743130
divyakumar691,divyakumar691@email.com,password123,Divya Kumar,+13349873260
michaeljoshi564,michaeljoshi564@email.com,password123,Michael Joshi,+14717665240
patriciajones407,patriciajones407@email.com,password123,Patricia Jones,+16484692220
richardgupta171,richardgupta171@email.com,password123,Richard Gupta,+15306262070
michaelmishra86,michaelmishra86@email.com,password123,Michael Mishra,+17603550990
marymartinez557,marymartinez557@email.com,password123,Mary Martinez,+13959951970
vikramgarcia796,vikramgarcia796@email.com,password123,Vikram Garcia,+14305198350
barbarapatel340,barbarapatel340@email.com,password123,Barbara Patel,+18122862370
meerasharma640,meerasharma640@email.com,password123,Meera Sharma,+14467036090
rahulmiller190,rahulmiller190@email.com,password123,Rahul Miller,+16726694080
jamesreddy973,jamesreddy973@email.com,password123,James Reddy,+16755842320
